STATION,NAME,DATE,DLY-TMAX-NORMAL,DLY-TMIN-NORMAL
USW00094728,"NY CITY CENTRAL PARK, NY US",1-Jan,38.9,27.9
USW00094728,"NY CITY CENTRAL PARK, NY US",2-Jan,38.8,27.7
USW00094728,"NY CITY CENTRAL PARK, NY US",3-Jan,38.7,27.6
USW00094728,"NY CITY CENTRAL PARK, NY US",4-Jan,38.5,27.4
USW00094728,"NY CITY CENTRAL PARK, NY US",5-Jan,38.4,27.3
USW00094728,"NY CITY CENTRAL PARK, NY US",6-Jan,38.3,27.2
USW00094728,"NY CITY CENTRAL PARK, NY US",7-Jan,38.2,27.1
USW00094728,"NY CITY CENTRAL PARK, NY US",8-Jan,38.2,27
USW00094728,"NY CITY CENTRAL PARK, NY US",9-Jan,38.1,26.9
USW00094728,"NY CITY CENTRAL PARK, NY US",10-Jan,38,26.8
USW00094728,"NY CITY CENTRAL PARK, NY US",11-Jan,38,26.8
USW00094728,"NY CITY CENTRAL PARK, NY US",12-Jan,38,26.7
USW00094728,"NY CITY CENTRAL PARK, NY US",13-Jan,37.9,26.7
USW00094728,"NY CITY CENTRAL PARK, NY US",14-Jan,37.9,26.6
USW00094728,"NY CITY CENTRAL PARK, NY US",15-Jan,37.9,26.6
USW00094728,"NY CITY CENTRAL PARK, NY US",16-Jan,37.9,26.6
USW00094728,"NY CITY CENTRAL PARK, NY US",17-Jan,37.9,26.6
USW00094728,"NY CITY CENTRAL PARK, NY US",18-Jan,38,26.5
USW00094728,"NY CITY CENTRAL PARK, NY US",19-Jan,38,26.6
USW00094728,"NY CITY CENTRAL PARK, NY US",20-Jan,38,26.6
USW00094728,"NY CITY CENTRAL PARK, NY US",21-Jan,38.1,26.6
USW00094728,"NY CITY CENTRAL PARK, NY US",22-Jan,38.2,26.6
USW00094728,"NY CITY CENTRAL PARK, NY US",23-Jan,38.2,26.6
USW00094728,"NY CITY CENTRAL PARK, NY US",24-Jan,38.3,26.7
USW00094728,"NY CITY CENTRAL PARK, NY US",25-Jan,38.4,26.7
USW00094728,"NY CITY CENTRAL PARK, NY US",26-Jan,38.5,26.8
USW00094728,"NY CITY CENTRAL PARK, NY US",27-Jan,38.6,26.8
USW00094728,"NY CITY CENTRAL PARK, NY US",28-Jan,38.7,26.9
USW00094728,"NY CITY CENTRAL PARK, NY US",29-Jan,38.8,27
USW00094728,"NY CITY CENTRAL PARK, NY US",30-Jan,38.9,27
USW00094728,"NY CITY CENTRAL PARK, NY US",31-Jan,39,27.1
USW00094728,"NY CITY CENTRAL PARK, NY US",1-Feb,39.1,27.2
USW00094728,"NY CITY CENTRAL PARK, NY US",2-Feb,39.3,27.3
USW00094728,"NY CITY CENTRAL PARK, NY US",3-Feb,39.4,27.4
USW00094728,"NY CITY CENTRAL PARK, NY US",4-Feb,39.6,27.5
USW00094728,"NY CITY CENTRAL PARK, NY US",5-Feb,39.7,27.6
USW00094728,"NY CITY CENTRAL PARK, NY US",6-Feb,39.9,27.7
USW00094728,"NY CITY CENTRAL PARK, NY US",7-Feb,40,27.8
USW00094728,"NY CITY CENTRAL PARK, NY US",8-Feb,40.2,27.9
USW00094728,"NY CITY CENTRAL PARK, NY US",9-Feb,40.4,28
USW00094728,"NY CITY CENTRAL PARK, NY US",10-Feb,40.6,28.2
USW00094728,"NY CITY CENTRAL PARK, NY US",11-Feb,40.8,28.3
USW00094728,"NY CITY CENTRAL PARK, NY US",12-Feb,41,28.4
USW00094728,"NY CITY CENTRAL PARK, NY US",13-Feb,41.1,28.6
USW00094728,"NY CITY CENTRAL PARK, NY US",14-Feb,41.3,28.7
USW00094728,"NY CITY CENTRAL PARK, NY US",15-Feb,41.6,28.8
USW00094728,"NY CITY CENTRAL PARK, NY US",16-Feb,41.8,29
USW00094728,"NY CITY CENTRAL PARK, NY US",17-Feb,42,29.1
USW00094728,"NY CITY CENTRAL PARK, NY US",18-Feb,42.2,29.3
USW00094728,"NY CITY CENTRAL PARK, NY US",19-Feb,42.4,29.5
USW00094728,"NY CITY CENTRAL PARK, NY US",20-Feb,42.6,29.6
USW00094728,"NY CITY CENTRAL PARK, NY US",21-Feb,42.9,29.8
USW00094728,"NY CITY CENTRAL PARK, NY US",22-Feb,43.1,30
USW00094728,"NY CITY CENTRAL PARK, NY US",23-Feb,43.3,30.1
USW00094728,"NY CITY CENTRAL PARK, NY US",24-Feb,43.6,30.3
USW00094728,"NY CITY CENTRAL PARK, NY US",25-Feb,43.8,30.5
USW00094728,"NY CITY CENTRAL PARK, NY US",26-Feb,44.1,30.7
USW00094728,"NY CITY CENTRAL PARK, NY US",27-Feb,44.4,30.9
USW00094728,"NY CITY CENTRAL PARK, NY US",28-Feb,44.6,31.1
USW00094728,"NY CITY CENTRAL PARK, NY US",1-Mar,44.9,31.3
USW00094728,"NY CITY CENTRAL PARK, NY US",2-Mar,45.2,31.5
USW00094728,"NY CITY CENTRAL PARK, NY US",3-Mar,45.4,31.7
USW00094728,"NY CITY CENTRAL PARK, NY US",4-Mar,45.7,31.9
USW00094728,"NY CITY CENTRAL PARK, NY US",5-Mar,46,32.2
USW00094728,"NY CITY CENTRAL PARK, NY US",6-Mar,46.3,32.4
USW00094728,"NY CITY CENTRAL PARK, NY US",7-Mar,46.6,32.6
USW00094728,"NY CITY CENTRAL PARK, NY US",8-Mar,46.9,32.9
USW00094728,"NY CITY CENTRAL PARK, NY US",9-Mar,47.2,33.1
USW00094728,"NY CITY CENTRAL PARK, NY US",10-Mar,47.5,33.4
USW00094728,"NY CITY CENTRAL PARK, NY US",11-Mar,47.8,33.6
USW00094728,"NY CITY CENTRAL PARK, NY US",12-Mar,48.2,33.9
USW00094728,"NY CITY CENTRAL PARK, NY US",13-Mar,48.5,34.2
USW00094728,"NY CITY CENTRAL PARK, NY US",14-Mar,48.8,34.5
USW00094728,"NY CITY CENTRAL PARK, NY US",15-Mar,49.2,34.7
USW00094728,"NY CITY CENTRAL PARK, NY US",16-Mar,49.5,35
USW00094728,"NY CITY CENTRAL PARK, NY US",17-Mar,49.9,35.3
USW00094728,"NY CITY CENTRAL PARK, NY US",18-Mar,50.2,35.6
USW00094728,"NY CITY CENTRAL PARK, NY US",19-Mar,50.6,35.9
USW00094728,"NY CITY CENTRAL PARK, NY US",20-Mar,50.9,36.2
USW00094728,"NY CITY CENTRAL PARK, NY US",21-Mar,51.3,36.5
USW00094728,"NY CITY CENTRAL PARK, NY US",22-Mar,51.7,36.8
USW00094728,"NY CITY CENTRAL PARK, NY US",23-Mar,52,37.1
USW00094728,"NY CITY CENTRAL PARK, NY US",24-Mar,52.4,37.4
USW00094728,"NY CITY CENTRAL PARK, NY US",25-Mar,52.8,37.8
USW00094728,"NY CITY CENTRAL PARK, NY US",26-Mar,53.2,38.1
USW00094728,"NY CITY CENTRAL PARK, NY US",27-Mar,53.6,38.4
USW00094728,"NY CITY CENTRAL PARK, NY US",28-Mar,54,38.7
USW00094728,"NY CITY CENTRAL PARK, NY US",29-Mar,54.4,39.1
USW00094728,"NY CITY CENTRAL PARK, NY US",30-Mar,54.8,39.4
USW00094728,"NY CITY CENTRAL PARK, NY US",31-Mar,55.2,39.7
USW00094728,"NY CITY CENTRAL PARK, NY US",1-Apr,55.6,40.1
USW00094728,"NY CITY CENTRAL PARK, NY US",2-Apr,56,40.4
USW00094728,"NY CITY CENTRAL PARK, NY US",3-Apr,56.4,40.7
USW00094728,"NY CITY CENTRAL PARK, NY US",4-Apr,56.8,41.1
USW00094728,"NY CITY CENTRAL PARK, NY US",5-Apr,57.2,41.4
USW00094728,"NY CITY CENTRAL PARK, NY US",6-Apr,57.6,41.7
USW00094728,"NY CITY CENTRAL PARK, NY US",7-Apr,58,42.1
USW00094728,"NY CITY CENTRAL PARK, NY US",8-Apr,58.4,42.4
USW00094728,"NY CITY CENTRAL PARK, NY US",9-Apr,58.8,42.8
USW00094728,"NY CITY CENTRAL PARK, NY US",10-Apr,59.2,43.1
USW00094728,"NY CITY CENTRAL PARK, NY US",11-Apr,59.6,43.4
USW00094728,"NY CITY CENTRAL PARK, NY US",12-Apr,60,43.7
USW00094728,"NY CITY CENTRAL PARK, NY US",13-Apr,60.4,44.1
USW00094728,"NY CITY CENTRAL PARK, NY US",14-Apr,60.8,44.4
USW00094728,"NY CITY CENTRAL PARK, NY US",15-Apr,61.2,44.7
USW00094728,"NY CITY CENTRAL PARK, NY US",16-Apr,61.5,45
USW00094728,"NY CITY CENTRAL PARK, NY US",17-Apr,61.9,45.4
USW00094728,"NY CITY CENTRAL PARK, NY US",18-Apr,62.3,45.7
USW00094728,"NY CITY CENTRAL PARK, NY US",19-Apr,62.6,46
USW00094728,"NY CITY CENTRAL PARK, NY US",20-Apr,63,46.3
USW00094728,"NY CITY CENTRAL PARK, NY US",21-Apr,63.4,46.6
USW00094728,"NY CITY CENTRAL PARK, NY US",22-Apr,63.7,46.9
USW00094728,"NY CITY CENTRAL PARK, NY US",23-Apr,64.1,47.2
USW00094728,"NY CITY CENTRAL PARK, NY US",24-Apr,64.4,47.5
USW00094728,"NY CITY CENTRAL PARK, NY US",25-Apr,64.7,47.8
USW00094728,"NY CITY CENTRAL PARK, NY US",26-Apr,65.1,48.1
USW00094728,"NY CITY CENTRAL PARK, NY US",27-Apr,65.4,48.4
USW00094728,"NY CITY CENTRAL PARK, NY US",28-Apr,65.7,48.7
USW00094728,"NY CITY CENTRAL PARK, NY US",29-Apr,66,49
USW00094728,"NY CITY CENTRAL PARK, NY US",30-Apr,66.3,49.3
USW00094728,"NY CITY CENTRAL PARK, NY US",1-May,66.7,49.6
USW00094728,"NY CITY CENTRAL PARK, NY US",2-May,67,49.9
USW00094728,"NY CITY CENTRAL PARK, NY US",3-May,67.2,50.1
USW00094728,"NY CITY CENTRAL PARK, NY US",4-May,67.5,50.4
USW00094728,"NY CITY CENTRAL PARK, NY US",5-May,67.8,50.7
USW00094728,"NY CITY CENTRAL PARK, NY US",6-May,68.1,51
USW00094728,"NY CITY CENTRAL PARK, NY US",7-May,68.4,51.3
USW00094728,"NY CITY CENTRAL PARK, NY US",8-May,68.7,51.6
USW00094728,"NY CITY CENTRAL PARK, NY US",9-May,68.9,51.9
USW00094728,"NY CITY CENTRAL PARK, NY US",10-May,69.2,52.1
USW00094728,"NY CITY CENTRAL PARK, NY US",11-May,69.5,52.4
USW00094728,"NY CITY CENTRAL PARK, NY US",12-May,69.7,52.7
USW00094728,"NY CITY CENTRAL PARK, NY US",13-May,70,53
USW00094728,"NY CITY CENTRAL PARK, NY US",14-May,70.3,53.3
USW00094728,"NY CITY CENTRAL PARK, NY US",15-May,70.5,53.6
USW00094728,"NY CITY CENTRAL PARK, NY US",16-May,70.8,53.9
USW00094728,"NY CITY CENTRAL PARK, NY US",17-May,71.1,54.2
USW00094728,"NY CITY CENTRAL PARK, NY US",18-May,71.3,54.5
USW00094728,"NY CITY CENTRAL PARK, NY US",19-May,71.6,54.8
USW00094728,"NY CITY CENTRAL PARK, NY US",20-May,71.9,55.1
USW00094728,"NY CITY CENTRAL PARK, NY US",21-May,72.1,55.4
USW00094728,"NY CITY CENTRAL PARK, NY US",22-May,72.4,55.8
USW00094728,"NY CITY CENTRAL PARK, NY US",23-May,72.7,56.1
USW00094728,"NY CITY CENTRAL PARK, NY US",24-May,72.9,56.4
USW00094728,"NY CITY CENTRAL PARK, NY US",25-May,73.2,56.7
USW00094728,"NY CITY CENTRAL PARK, NY US",26-May,73.5,57.1
USW00094728,"NY CITY CENTRAL PARK, NY US",27-May,73.8,57.4
USW00094728,"NY CITY CENTRAL PARK, NY US",28-May,74.1,57.7
USW00094728,"NY CITY CENTRAL PARK, NY US",29-May,74.3,58
USW00094728,"NY CITY CENTRAL PARK, NY US",30-May,74.6,58.4
USW00094728,"NY CITY CENTRAL PARK, NY US",31-May,74.9,58.7
USW00094728,"NY CITY CENTRAL PARK, NY US",1-Jun,75.2,59.1
USW00094728,"NY CITY CENTRAL PARK, NY US",2-Jun,75.5,59.4
USW00094728,"NY CITY CENTRAL PARK, NY US",3-Jun,75.8,59.7
USW00094728,"NY CITY CENTRAL PARK, NY US",4-Jun,76.1,60.1
USW00094728,"NY CITY CENTRAL PARK, NY US",5-Jun,76.4,60.4
USW00094728,"NY CITY CENTRAL PARK, NY US",6-Jun,76.7,60.7
USW00094728,"NY CITY CENTRAL PARK, NY US",7-Jun,77,61.1
USW00094728,"NY CITY CENTRAL PARK, NY US",8-Jun,77.3,61.4
USW00094728,"NY CITY CENTRAL PARK, NY US",9-Jun,77.6,61.7
USW00094728,"NY CITY CENTRAL PARK, NY US",10-Jun,77.9,62.1
USW00094728,"NY CITY CENTRAL PARK, NY US",11-Jun,78.2,62.4
USW00094728,"NY CITY CENTRAL PARK, NY US",12-Jun,78.4,62.7
USW00094728,"NY CITY CENTRAL PARK, NY US",13-Jun,78.7,63
USW00094728,"NY CITY CENTRAL PARK, NY US",14-Jun,79,63.4
USW00094728,"NY CITY CENTRAL PARK, NY US",15-Jun,79.3,63.7
USW00094728,"NY CITY CENTRAL PARK, NY US",16-Jun,79.6,64
USW00094728,"NY CITY CENTRAL PARK, NY US",17-Jun,79.9,64.3
USW00094728,"NY CITY CENTRAL PARK, NY US",18-Jun,80.1,64.6
USW00094728,"NY CITY CENTRAL PARK, NY US",19-Jun,80.4,64.8
USW00094728,"NY CITY CENTRAL PARK, NY US",20-Jun,80.7,65.1
USW00094728,"NY CITY CENTRAL PARK, NY US",21-Jun,80.9,65.4
USW00094728,"NY CITY CENTRAL PARK, NY US",22-Jun,81.2,65.6
USW00094728,"NY CITY CENTRAL PARK, NY US",23-Jun,81.4,65.9
USW00094728,"NY CITY CENTRAL PARK, NY US",24-Jun,81.6,66.1
USW00094728,"NY CITY CENTRAL PARK, NY US",25-Jun,81.9,66.4
USW00094728,"NY CITY CENTRAL PARK, NY US",26-Jun,82.1,66.6
USW00094728,"NY CITY CENTRAL PARK, NY US",27-Jun,82.3,66.8
USW00094728,"NY CITY CENTRAL PARK, NY US",28-Jun,82.5,67
USW00094728,"NY CITY CENTRAL PARK, NY US",29-Jun,82.7,67.2
USW00094728,"NY CITY CENTRAL PARK, NY US",30-Jun,82.9,67.4
USW00094728,"NY CITY CENTRAL PARK, NY US",1-Jul,83,67.6
USW00094728,"NY CITY CENTRAL PARK, NY US",2-Jul,83.2,67.7
USW00094728,"NY CITY CENTRAL PARK, NY US",3-Jul,83.3,67.9
USW00094728,"NY CITY CENTRAL PARK, NY US",4-Jul,83.5,68
USW00094728,"NY CITY CENTRAL PARK, NY US",5-Jul,83.6,68.2
USW00094728,"NY CITY CENTRAL PARK, NY US",6-Jul,83.7,68.3
USW00094728,"NY CITY CENTRAL PARK, NY US",7-Jul,83.8,68.4
USW00094728,"NY CITY CENTRAL PARK, NY US",8-Jul,83.9,68.5
USW00094728,"NY CITY CENTRAL PARK, NY US",9-Jul,84,68.6
USW00094728,"NY CITY CENTRAL PARK, NY US",10-Jul,84.1,68.7
USW00094728,"NY CITY CENTRAL PARK, NY US",11-Jul,84.2,68.8
USW00094728,"NY CITY CENTRAL PARK, NY US",12-Jul,84.2,68.9
USW00094728,"NY CITY CENTRAL PARK, NY US",13-Jul,84.3,68.9
USW00094728,"NY CITY CENTRAL PARK, NY US",14-Jul,84.3,69
USW00094728,"NY CITY CENTRAL PARK, NY US",15-Jul,84.4,69
USW00094728,"NY CITY CENTRAL PARK, NY US",16-Jul,84.4,69.1
USW00094728,"NY CITY CENTRAL PARK, NY US",17-Jul,84.4,69.1
USW00094728,"NY CITY CENTRAL PARK, NY US",18-Jul,84.4,69.1
USW00094728,"NY CITY CENTRAL PARK, NY US",19-Jul,84.4,69.2
USW00094728,"NY CITY CENTRAL PARK, NY US",20-Jul,84.4,69.2
USW00094728,"NY CITY CENTRAL PARK, NY US",21-Jul,84.4,69.2
USW00094728,"NY CITY CENTRAL PARK, NY US",22-Jul,84.4,69.2
USW00094728,"NY CITY CENTRAL PARK, NY US",23-Jul,84.4,69.2
USW00094728,"NY CITY CENTRAL PARK, NY US",24-Jul,84.4,69.2
USW00094728,"NY CITY CENTRAL PARK, NY US",25-Jul,84.4,69.2
USW00094728,"NY CITY CENTRAL PARK, NY US",26-Jul,84.3,69.2
USW00094728,"NY CITY CENTRAL PARK, NY US",27-Jul,84.3,69.1
USW00094728,"NY CITY CENTRAL PARK, NY US",28-Jul,84.2,69.1
USW00094728,"NY CITY CENTRAL PARK, NY US",29-Jul,84.2,69.1
USW00094728,"NY CITY CENTRAL PARK, NY US",30-Jul,84.2,69.1
USW00094728,"NY CITY CENTRAL PARK, NY US",31-Jul,84.1,69
USW00094728,"NY CITY CENTRAL PARK, NY US",1-Aug,84.1,69
USW00094728,"NY CITY CENTRAL PARK, NY US",2-Aug,84,69
USW00094728,"NY CITY CENTRAL PARK, NY US",3-Aug,83.9,68.9
USW00094728,"NY CITY CENTRAL PARK, NY US",4-Aug,83.9,68.9
USW00094728,"NY CITY CENTRAL PARK, NY US",5-Aug,83.8,68.8
USW00094728,"NY CITY CENTRAL PARK, NY US",6-Aug,83.7,68.8
USW00094728,"NY CITY CENTRAL PARK, NY US",7-Aug,83.7,68.7
USW00094728,"NY CITY CENTRAL PARK, NY US",8-Aug,83.6,68.7
USW00094728,"NY CITY CENTRAL PARK, NY US",9-Aug,83.5,68.6
USW00094728,"NY CITY CENTRAL PARK, NY US",10-Aug,83.4,68.5
USW00094728,"NY CITY CENTRAL PARK, NY US",11-Aug,83.3,68.5
USW00094728,"NY CITY CENTRAL PARK, NY US",12-Aug,83.2,68.4
USW00094728,"NY CITY CENTRAL PARK, NY US",13-Aug,83.2,68.3
USW00094728,"NY CITY CENTRAL PARK, NY US",14-Aug,83.1,68.2
USW00094728,"NY CITY CENTRAL PARK, NY US",15-Aug,82.9,68.1
USW00094728,"NY CITY CENTRAL PARK, NY US",16-Aug,82.8,68
USW00094728,"NY CITY CENTRAL PARK, NY US",17-Aug,82.7,67.9
USW00094728,"NY CITY CENTRAL PARK, NY US",18-Aug,82.6,67.8
USW00094728,"NY CITY CENTRAL PARK, NY US",19-Aug,82.5,67.7
USW00094728,"NY CITY CENTRAL PARK, NY US",20-Aug,82.3,67.6
USW00094728,"NY CITY CENTRAL PARK, NY US",21-Aug,82.2,67.5
USW00094728,"NY CITY CENTRAL PARK, NY US",22-Aug,82,67.3
USW00094728,"NY CITY CENTRAL PARK, NY US",23-Aug,81.9,67.2
USW00094728,"NY CITY CENTRAL PARK, NY US",24-Aug,81.7,67
USW00094728,"NY CITY CENTRAL PARK, NY US",25-Aug,81.5,66.9
USW00094728,"NY CITY CENTRAL PARK, NY US",26-Aug,81.3,66.7
USW00094728,"NY CITY CENTRAL PARK, NY US",27-Aug,81.2,66.5
USW00094728,"NY CITY CENTRAL PARK, NY US",28-Aug,81,66.3
USW00094728,"NY CITY CENTRAL PARK, NY US",29-Aug,80.7,66.1
USW00094728,"NY CITY CENTRAL PARK, NY US",30-Aug,80.5,65.9
USW00094728,"NY CITY CENTRAL PARK, NY US",31-Aug,80.3,65.7
USW00094728,"NY CITY CENTRAL PARK, NY US",1-Sep,80,65.5
USW00094728,"NY CITY CENTRAL PARK, NY US",2-Sep,79.8,65.2
USW00094728,"NY CITY CENTRAL PARK, NY US",3-Sep,79.5,65
USW00094728,"NY CITY CENTRAL PARK, NY US",4-Sep,79.2,64.7
USW00094728,"NY CITY CENTRAL PARK, NY US",5-Sep,79,64.4
USW00094728,"NY CITY CENTRAL PARK, NY US",6-Sep,78.7,64.1
USW00094728,"NY CITY CENTRAL PARK, NY US",7-Sep,78.4,63.9
USW00094728,"NY CITY CENTRAL PARK, NY US",8-Sep,78,63.6
USW00094728,"NY CITY CENTRAL PARK, NY US",9-Sep,77.7,63.2
USW00094728,"NY CITY CENTRAL PARK, NY US",10-Sep,77.4,62.9
USW00094728,"NY CITY CENTRAL PARK, NY US",11-Sep,77.1,62.6
USW00094728,"NY CITY CENTRAL PARK, NY US",12-Sep,76.7,62.3
USW00094728,"NY CITY CENTRAL PARK, NY US",13-Sep,76.3,61.9
USW00094728,"NY CITY CENTRAL PARK, NY US",14-Sep,76,61.6
USW00094728,"NY CITY CENTRAL PARK, NY US",15-Sep,75.6,61.2
USW00094728,"NY CITY CENTRAL PARK, NY US",16-Sep,75.2,60.8
USW00094728,"NY CITY CENTRAL PARK, NY US",17-Sep,74.8,60.5
USW00094728,"NY CITY CENTRAL PARK, NY US",18-Sep,74.5,60.1
USW00094728,"NY CITY CENTRAL PARK, NY US",19-Sep,74.1,59.7
USW00094728,"NY CITY CENTRAL PARK, NY US",20-Sep,73.7,59.3
USW00094728,"NY CITY CENTRAL PARK, NY US",21-Sep,73.3,58.9
USW00094728,"NY CITY CENTRAL PARK, NY US",22-Sep,72.9,58.5
USW00094728,"NY CITY CENTRAL PARK, NY US",23-Sep,72.5,58.1
USW00094728,"NY CITY CENTRAL PARK, NY US",24-Sep,72,57.8
USW00094728,"NY CITY CENTRAL PARK, NY US",25-Sep,71.6,57.4
USW00094728,"NY CITY CENTRAL PARK, NY US",26-Sep,71.2,57
USW00094728,"NY CITY CENTRAL PARK, NY US",27-Sep,70.8,56.6
USW00094728,"NY CITY CENTRAL PARK, NY US",28-Sep,70.4,56.2
USW00094728,"NY CITY CENTRAL PARK, NY US",29-Sep,70,55.8
USW00094728,"NY CITY CENTRAL PARK, NY US",30-Sep,69.6,55.4
USW00094728,"NY CITY CENTRAL PARK, NY US",1-Oct,69.2,55
USW00094728,"NY CITY CENTRAL PARK, NY US",2-Oct,68.8,54.6
USW00094728,"NY CITY CENTRAL PARK, NY US",3-Oct,68.4,54.2
USW00094728,"NY CITY CENTRAL PARK, NY US",4-Oct,68,53.9
USW00094728,"NY CITY CENTRAL PARK, NY US",5-Oct,67.6,53.5
USW00094728,"NY CITY CENTRAL PARK, NY US",6-Oct,67.2,53.1
USW00094728,"NY CITY CENTRAL PARK, NY US",7-Oct,66.8,52.8
USW00094728,"NY CITY CENTRAL PARK, NY US",8-Oct,66.5,52.4
USW00094728,"NY CITY CENTRAL PARK, NY US",9-Oct,66.1,52
USW00094728,"NY CITY CENTRAL PARK, NY US",10-Oct,65.7,51.7
USW00094728,"NY CITY CENTRAL PARK, NY US",11-Oct,65.4,51.4
USW00094728,"NY CITY CENTRAL PARK, NY US",12-Oct,65,51
USW00094728,"NY CITY CENTRAL PARK, NY US",13-Oct,64.7,50.7
USW00094728,"NY CITY CENTRAL PARK, NY US",14-Oct,64.3,50.4
USW00094728,"NY CITY CENTRAL PARK, NY US",15-Oct,64,50.1
USW00094728,"NY CITY CENTRAL PARK, NY US",16-Oct,63.6,49.8
USW00094728,"NY CITY CENTRAL PARK, NY US",17-Oct,63.3,49.5
USW00094728,"NY CITY CENTRAL PARK, NY US",18-Oct,63,49.2
USW00094728,"NY CITY CENTRAL PARK, NY US",19-Oct,62.7,48.9
USW00094728,"NY CITY CENTRAL PARK, NY US",20-Oct,62.3,48.6
USW00094728,"NY CITY CENTRAL PARK, NY US",21-Oct,62,48.3
USW00094728,"NY CITY CENTRAL PARK, NY US",22-Oct,61.7,48.1
USW00094728,"NY CITY CENTRAL PARK, NY US",23-Oct,61.4,47.8
USW00094728,"NY CITY CENTRAL PARK, NY US",24-Oct,61.1,47.5
USW00094728,"NY CITY CENTRAL PARK, NY US",25-Oct,60.8,47.3
USW00094728,"NY CITY CENTRAL PARK, NY US",26-Oct,60.5,47
USW00094728,"NY CITY CENTRAL PARK, NY US",27-Oct,60.2,46.8
USW00094728,"NY CITY CENTRAL PARK, NY US",28-Oct,59.9,46.5
USW00094728,"NY CITY CENTRAL PARK, NY US",29-Oct,59.6,46.3
USW00094728,"NY CITY CENTRAL PARK, NY US",30-Oct,59.3,46
USW00094728,"NY CITY CENTRAL PARK, NY US",31-Oct,59,45.8
USW00094728,"NY CITY CENTRAL PARK, NY US",1-Nov,58.7,45.5
USW00094728,"NY CITY CENTRAL PARK, NY US",2-Nov,58.4,45.3
USW00094728,"NY CITY CENTRAL PARK, NY US",3-Nov,58.1,45
USW00094728,"NY CITY CENTRAL PARK, NY US",4-Nov,57.8,44.8
USW00094728,"NY CITY CENTRAL PARK, NY US",5-Nov,57.4,44.5
USW00094728,"NY CITY CENTRAL PARK, NY US",6-Nov,57.1,44.3
USW00094728,"NY CITY CENTRAL PARK, NY US",7-Nov,56.8,44
USW00094728,"NY CITY CENTRAL PARK, NY US",8-Nov,56.5,43.8
USW00094728,"NY CITY CENTRAL PARK, NY US",9-Nov,56.2,43.5
USW00094728,"NY CITY CENTRAL PARK, NY US",10-Nov,55.8,43.3
USW00094728,"NY CITY CENTRAL PARK, NY US",11-Nov,55.5,43
USW00094728,"NY CITY CENTRAL PARK, NY US",12-Nov,55.2,42.7
USW00094728,"NY CITY CENTRAL PARK, NY US",13-Nov,54.8,42.5
USW00094728,"NY CITY CENTRAL PARK, NY US",14-Nov,54.5,42.2
USW00094728,"NY CITY CENTRAL PARK, NY US",15-Nov,54.1,41.9
USW00094728,"NY CITY CENTRAL PARK, NY US",16-Nov,53.8,41.6
USW00094728,"NY CITY CENTRAL PARK, NY US",17-Nov,53.4,41.3
USW00094728,"NY CITY CENTRAL PARK, NY US",18-Nov,53,41
USW00094728,"NY CITY CENTRAL PARK, NY US",19-Nov,52.7,40.7
USW00094728,"NY CITY CENTRAL PARK, NY US",20-Nov,52.3,40.4
USW00094728,"NY CITY CENTRAL PARK, NY US",21-Nov,51.9,40.1
USW00094728,"NY CITY CENTRAL PARK, NY US",22-Nov,51.6,39.8
USW00094728,"NY CITY CENTRAL PARK, NY US",23-Nov,51.2,39.5
USW00094728,"NY CITY CENTRAL PARK, NY US",24-Nov,50.8,39.2
USW00094728,"NY CITY CENTRAL PARK, NY US",25-Nov,50.4,38.8
USW00094728,"NY CITY CENTRAL PARK, NY US",26-Nov,50,38.5
USW00094728,"NY CITY CENTRAL PARK, NY US",27-Nov,49.6,38.2
USW00094728,"NY CITY CENTRAL PARK, NY US",28-Nov,49.2,37.8
USW00094728,"NY CITY CENTRAL PARK, NY US",29-Nov,48.9,37.5
USW00094728,"NY CITY CENTRAL PARK, NY US",30-Nov,48.5,37.1
USW00094728,"NY CITY CENTRAL PARK, NY US",1-Dec,48.1,36.8
USW00094728,"NY CITY CENTRAL PARK, NY US",2-Dec,47.7,36.5
USW00094728,"NY CITY CENTRAL PARK, NY US",3-Dec,47.3,36.1
USW00094728,"NY CITY CENTRAL PARK, NY US",4-Dec,46.9,35.8
USW00094728,"NY CITY CENTRAL PARK, NY US",5-Dec,46.5,35.4
USW00094728,"NY CITY CENTRAL PARK, NY US",6-Dec,46.2,35.1
USW00094728,"NY CITY CENTRAL PARK, NY US",7-Dec,45.8,34.7
USW00094728,"NY CITY CENTRAL PARK, NY US",8-Dec,45.4,34.4
USW00094728,"NY CITY CENTRAL PARK, NY US",9-Dec,45.1,34
USW00094728,"NY CITY CENTRAL PARK, NY US",10-Dec,44.7,33.7
USW00094728,"NY CITY CENTRAL PARK, NY US",11-Dec,44.3,33.4
USW00094728,"NY CITY CENTRAL PARK, NY US",12-Dec,44,33
USW00094728,"NY CITY CENTRAL PARK, NY US",13-Dec,43.6,32.7
USW00094728,"NY CITY CENTRAL PARK, NY US",14-Dec,43.3,32.4
USW00094728,"NY CITY CENTRAL PARK, NY US",15-Dec,43,32.1
USW00094728,"NY CITY CENTRAL PARK, NY US",16-Dec,42.7,31.8
USW00094728,"NY CITY CENTRAL PARK, NY US",17-Dec,42.4,31.5
USW00094728,"NY CITY CENTRAL PARK, NY US",18-Dec,42.1,31.2
USW00094728,"NY CITY CENTRAL PARK, NY US",19-Dec,41.8,30.9
USW00094728,"NY CITY CENTRAL PARK, NY US",20-Dec,41.5,30.6
USW00094728,"NY CITY CENTRAL PARK, NY US",21-Dec,41.2,30.3
USW00094728,"NY CITY CENTRAL PARK, NY US",22-Dec,41,30
USW00094728,"NY CITY CENTRAL PARK, NY US",23-Dec,40.7,29.8
USW00094728,"NY CITY CENTRAL PARK, NY US",24-Dec,40.5,29.5
USW00094728,"NY CITY CENTRAL PARK, NY US",25-Dec,40.2,29.3
USW00094728,"NY CITY CENTRAL PARK, NY US",26-Dec,40,29.1
USW00094728,"NY CITY CENTRAL PARK, NY US",27-Dec,39.8,28.8
USW00094728,"NY CITY CENTRAL PARK, NY US",28-Dec,39.6,28.6
USW00094728,"NY CITY CENTRAL PARK, NY US",29-Dec,39.4,28.4
USW00094728,"NY CITY CENTRAL PARK, NY US",30-Dec,39.2,28.2
USW00094728,"NY CITY CENTRAL PARK, NY US",31-Dec,39.1,28.1